Mon super auteur,Ma super description
Mon super auteur,Ma super description
Mon super auteur,Ma super description
Mon super auteur,Ma super description
Mon super auteur,Ma super description
Mon super auteur,Ma super description
Mon super auteur,Ma super description
lisa,j'aime les sushis
lisa,j'aime les sushis
lisa,j'aime les sushis
lisa,j'aime les sushis
"",""
lisa,elle adore les cakelets
lisa,il parait que henri mange des oeufs tout les matins
lisa,il parait que henri mange des oeufs tout les matins
